number,ret_pct,max_dd_pct,objective_value,objective_dd_abs,ret_pct_true,max_dd_pct_true,trades,strategy,state,params
0,0.0,,-1000000000.0,1000000000.0,0.0,,0.0,mean_reversion,1,"{""adx_thresh"": 18.106891413970676, ""atr_max_pct"": 0.09321754249893166, ""atr_min_pct"": 0.006269373456920137, ""bb_std_mult"": 2.809604305322281, ""edge_cap"": 0.3118867740977832, ""edge_k"": 1.4423452896817954, ""ema1"": 8, ""ema2"": 22, ""p_adx"": 22, ""p_atr"": 16, ""p_sma"": 41, ""p_std"": 58, ""rsi_ob"": 58, ""rsi_os"": 24, ""rsi_period"": 60, ""rsi_required"": true, ""slip_atr_k"": 0.06353926681517938, ""slip_spread_k"": 0.4264416459815509, ""spread_hl_frac"": 0.04195012735422831, ""strategy"": ""mean_reversion"", ""time_stop"": 67, ""tp_mult"": 1.2068180203958287, ""tsl_mult"": 0.22409353037573954, ""use_adx"": false, ""use_atr"": true, ""use_ema"": true, ""use_sma"": true, ""use_spike"": false, ""vol_spike"": 0.01600013757198381}"
1,,,-1000000000.0,1000000000.0,,,,mean_reversion,1,"{""adx_thresh"": 28.49732857082951, ""atr_max_pct"": 0.09128196471476839, ""atr_min_pct"": 0.02231204233425135, ""bb_std_mult"": 3.5534748400018867, ""edge_cap"": 0.6363043383299269, ""edge_k"": 0.4533523630058236, ""ema1"": 9, ""ema2"": 36, ""p_adx"": 22, ""p_atr"": 16, ""p_sma"": 49, ""p_std"": 12, ""rsi_ob"": 91, ""rsi_os"": 52, ""rsi_period"": 40, ""rsi_required"": false, ""slip_atr_k"": 0.15176032443559972, ""slip_spread_k"": 0.5808057014839465, ""spread_hl_frac"": 0.04105579841766894, ""strategy"": ""mean_reversion"", ""time_stop"": 277, ""tp_mult"": 1.871000482957065, ""tsl_mult"": 0.6679279504024126, ""use_adx"": false, ""use_atr"": false, ""use_ema"": true, ""use_sma"": true, ""use_spike"": false, ""vol_spike"": 0.10140786086837615}"
2,-0.1861808991032231,-0.18616526556828777,-1000000000.0,0.18616526556828777,-0.1861808991032231,-0.18616526556828777,8027.0,breakout,1,"{""adx_thresh"": 15.183504921150584, ""atr_max_pct"": 0.1260176589080769, ""atr_min_pct"": 0.005991108308152722, ""bb_std_mult"": 2.026117506986227, ""edge_cap"": 0.7505680382344724, ""edge_k"": 1.1661309855239022, ""ema1"": 24, ""ema2"": 29, ""p_adx"": 30, ""p_atr"": 29, ""p_sma"": 16, ""p_std"": 32, ""rsi_ob"": 59, ""rsi_os"": 26, ""rsi_period"": 20, ""rsi_required"": true, ""slip_atr_k"": 0.16277677941706167, ""slip_spread_k"": 0.7434635984156129, ""spread_hl_frac"": 0.012388519338833531, ""strategy"": ""breakout"", ""time_stop"": 153, ""tp_mult"": 1.7316377461952048, ""tsl_mult"": 0.7100250752101512, ""use_adx"": false, ""use_atr"": false, ""use_ema"": true, ""use_sma"": true, ""use_spike"": false, ""vol_spike"": 0.29600666320924496}"
3,-0.0005316151280251313,-0.0005915023372795988,-1000000000.0,1000000000.0,-0.0005316151280251313,-0.0005915023372795988,15.0,breakout,1,"{""adx_thresh"": 25.3379137857149, ""atr_max_pct"": 0.05615448756461928, ""atr_min_pct"": 0.009651167237020244, ""bb_std_mult"": 1.5857821703304251, ""edge_cap"": 0.7399836484419289, ""edge_k"": 0.05621326444521313, ""ema1"": 24, ""ema2"": 59, ""p_adx"": 14, ""p_atr"": 28, ""p_sma"": 48, ""p_std"": 22, ""rsi_ob"": 72, ""rsi_os"": 23, ""rsi_period"": 28, ""rsi_required"": false, ""slip_atr_k"": 0.0008683713601067844, ""slip_spread_k"": 0.9463218386522613, ""spread_hl_frac"": 0.03292512626475963, ""strategy"": ""breakout"", ""time_stop"": 169, ""tp_mult"": 1.3632971453075764, ""tsl_mult"": 0.6473319108434636, ""use_adx"": true, ""use_atr"": true, ""use_ema"": true, ""use_sma"": true, ""use_spike"": false, ""vol_spike"": 0.27707682803172345}"
4,-0.2803229766269443,-0.28030650229409143,-1000000000.0,0.28030650229409143,-0.2803229766269443,-0.28030650229409143,11027.0,mean_reversion,1,"{""adx_thresh"": 24.834185246301843, ""atr_max_pct"": 0.11857203579439586, ""atr_min_pct"": 0.00952085231238017, ""bb_std_mult"": 0.9382342032087658, ""edge_cap"": 0.13884479837031963, ""edge_k"": 0.3532104295321348, ""ema1"": 12, ""ema2"": 15, ""p_adx"": 16, ""p_atr"": 20, ""p_sma"": 26, ""p_std"": 9, ""rsi_ob"": 69, ""rsi_os"": 9, ""rsi_period"": 18, ""rsi_required"": false, ""slip_atr_k"": 0.16483755393662533, ""slip_spread_k"": 0.7248845183870131, ""spread_hl_frac"": 0.02253782544338262, ""strategy"": ""mean_reversion"", ""time_stop"": 260, ""tp_mult"": 1.2179457468347397, ""tsl_mult"": 0.7270115838975055, ""use_adx"": false, ""use_atr"": false, ""use_ema"": true, ""use_sma"": true, ""use_spike"": false, ""vol_spike"": 0.18192532346201715}"
5,-0.0008136342884900172,-0.0007711264337068702,-1000000000.0,1000000000.0,-0.0008136342884900172,-0.0007711264337068702,33.0,mean_reversion,1,"{""adx_thresh"": 5.2348178777391485, ""atr_max_pct"": 0.02099922600649674, ""atr_min_pct"": 0.006553638036887911, ""bb_std_mult"": 2.209553319081348, ""edge_cap"": 0.8584593015706053, ""edge_k"": 0.6980181055645649, ""ema1"": 5, ""ema2"": 35, ""p_adx"": 25, ""p_atr"": 21, ""p_sma"": 23, ""p_std"": 43, ""rsi_ob"": 53, ""rsi_os"": 9, ""rsi_period"": 76, ""rsi_required"": false, ""slip_atr_k"": 0.05378115097685515, ""slip_spread_k"": 0.9752592082447512, ""spread_hl_frac"": 0.038479918171278486, ""strategy"": ""mean_reversion"", ""time_stop"": 144, ""tp_mult"": 1.192165850335111, ""tsl_mult"": 0.5723525771153978, ""use_adx"": false, ""use_atr"": false, ""use_ema"": true, ""use_sma"": false, ""use_spike"": false, ""vol_spike"": 0.21871458685521794}"
6,0.0,,-1000000000.0,1000000000.0,0.0,,0.0,mean_reversion,1,"{""adx_thresh"": 9.716563599972089, ""atr_max_pct"": 0.05586869997105982, ""atr_min_pct"": 0.018514503372602898, ""bb_std_mult"": 3.5058232000179483, ""edge_cap"": 0.28472471810534317, ""edge_k"": 0.8606068122334991, ""ema1"": 28, ""ema2"": 11, ""p_adx"": 27, ""p_atr"": 14, ""p_sma"": 60, ""p_std"": 53, ""rsi_ob"": 59, ""rsi_os"": 42, ""rsi_period"": 40, ""rsi_required"": false, ""slip_atr_k"": 0.04224818478168155, ""slip_spread_k"": 0.7022095851520817, ""spread_hl_frac"": 0.02456139418862426, ""strategy"": ""mean_reversion"", ""time_stop"": 238, ""tp_mult"": 2.06286353259196, ""tsl_mult"": 0.9417385256862351, ""use_adx"": true, ""use_atr"": true, ""use_ema"": true, ""use_sma"": false, ""use_spike"": true, ""vol_spike"": 0.01217081931642393}"
7,0.0,,-1000000000.0,1000000000.0,0.0,,0.0,breakout,1,"{""adx_thresh"": 10.135567286599706, ""atr_max_pct"": 0.11101670791642632, ""atr_min_pct"": 0.027505899241811904, ""bb_std_mult"": 3.299759218175726, ""edge_cap"": 0.910807249977821, ""edge_k"": 1.6622000172985534, ""ema1"": 8, ""ema2"": 12, ""p_adx"": 7, ""p_atr"": 8, ""p_sma"": 39, ""p_std"": 21, ""rsi_ob"": 58, ""rsi_os"": 26, ""rsi_period"": 19, ""rsi_required"": false, ""slip_atr_k"": 0.058649635044728116, ""slip_spread_k"": 0.6655475903406601, ""spread_hl_frac"": 0.012168029669115005, ""strategy"": ""breakout"", ""time_stop"": 69, ""tp_mult"": 1.05554206821091, ""tsl_mult"": 0.1448774569326433, ""use_adx"": false, ""use_atr"": true, ""use_ema"": false, ""use_sma"": false, ""use_spike"": true, ""vol_spike"": 0.12356093756183081}"
8,0.0027903168762593022,-0.0005871895576502662,-1000000000.0,1000000000.0,0.0027903168762593022,-0.0005871895576502662,69.0,mean_reversion,1,"{""adx_thresh"": 24.3070683757013, ""atr_max_pct"": 0.04661482638573514, ""atr_min_pct"": 0.0052949910679460765, ""bb_std_mult"": 2.6208206852705507, ""edge_cap"": 0.4202436123103864, ""edge_k"": 0.9785793822882702, ""ema1"": 5, ""ema2"": 43, ""p_adx"": 20, ""p_atr"": 28, ""p_sma"": 27, ""p_std"": 36, ""rsi_ob"": 93, ""rsi_os"": 26, ""rsi_period"": 11, ""rsi_required"": false, ""slip_atr_k"": 0.043450521723270824, ""slip_spread_k"": 0.7306106677776287, ""spread_hl_frac"": 1.9140197891487356e-05, ""strategy"": ""mean_reversion"", ""time_stop"": 68, ""tp_mult"": 2.2891771661960156, ""tsl_mult"": 0.541268181422687, ""use_adx"": false, ""use_atr"": true, ""use_ema"": false, ""use_sma"": true, ""use_spike"": true, ""vol_spike"": 0.15672397483736783}"
9,0.0,,-1000000000.0,1000000000.0,0.0,,0.0,mean_reversion,1,"{""adx_thresh"": 15.705169004262368, ""atr_max_pct"": 0.09702602578077699, ""atr_min_pct"": 0.020467082004177437, ""bb_std_mult"": 2.5766010851124306, ""edge_cap"": 0.9381275261420204, ""edge_k"": 0.1931123171111646, ""ema1"": 11, ""ema2"": 51, ""p_adx"": 8, ""p_atr"": 9, ""p_sma"": 57, ""p_std"": 5, ""rsi_ob"": 64, ""rsi_os"": 8, ""rsi_period"": 56, ""rsi_required"": true, ""slip_atr_k"": 0.12501888640575004, ""slip_spread_k"": 0.5424723289477722, ""spread_hl_frac"": 0.0027009775338120434, ""strategy"": ""mean_reversion"", ""time_stop"": 73, ""tp_mult"": 2.1749239476474918, ""tsl_mult"": 0.07600471370022732, ""use_adx"": true, ""use_atr"": false, ""use_ema"": true, ""use_sma"": true, ""use_spike"": false, ""vol_spike"": 0.22087138014313148}"
10,-0.10761244430034456,-0.10760348300442613,-1000000000.0,0.10760348300442613,-0.10761244430034456,-0.10760348300442613,4873.0,breakout,1,"{""adx_thresh"": 32.95986688151531, ""atr_max_pct"": 0.14083885359056825, ""atr_min_pct"": 0.001626860190098129, ""bb_std_mult"": 1.28221880176062, ""edge_cap"": 0.5688686506651492, ""edge_k"": 1.3006125466864817, ""ema1"": 18, ""ema2"": 26, ""p_adx"": 30, ""p_atr"": 24, ""p_sma"": 10, ""p_std"": 28, ""rsi_ob"": 48, ""rsi_os"": 36, ""rsi_period"": 29, ""rsi_required"": true, ""slip_atr_k"": 0.2413970029657469, ""slip_spread_k"": 0.1544295056578503, ""spread_hl_frac"": 0.013695902469104982, ""strategy"": ""breakout"", ""time_stop"": 8, ""tp_mult"": 2.846983638872512, ""tsl_mult"": 0.9999598225589232, ""use_adx"": true, ""use_atr"": false, ""use_ema"": false, ""use_sma"": false, ""use_spike"": true, ""vol_spike"": 0.2968241632120335}"
11,-0.17986978363208728,-0.17983749065494964,-1000000000.0,0.17983749065494964,-0.17986978363208728,-0.17983749065494964,8150.0,breakout,1,"{""adx_thresh"": 33.65433139160966, ""atr_max_pct"": 0.14284582697997497, ""atr_min_pct"": 0.0010948570140504096, ""bb_std_mult"": 0.5429257198764487, ""edge_cap"": 0.5575847125795866, ""edge_k"": 1.3771715845648802, ""ema1"": 18, ""ema2"": 28, ""p_adx"": 30, ""p_atr"": 24, ""p_sma"": 8, ""p_std"": 30, ""rsi_ob"": 46, ""rsi_os"": 38, ""rsi_period"": 30, ""rsi_required"": true, ""slip_atr_k"": 0.24601398748930606, ""slip_spread_k"": 0.055065088660628356, ""spread_hl_frac"": 0.012115464831251609, ""strategy"": ""breakout"", ""time_stop"": 6, ""tp_mult"": 2.95344804488084, ""tsl_mult"": 0.9928453812899863, ""use_adx"": true, ""use_atr"": false, ""use_ema"": false, ""use_sma"": false, ""use_spike"": true, ""vol_spike"": 0.29614948256442675}"
12,-0.1489492687850954,-0.1489317208837936,-1000000000.0,0.1489317208837936,-0.1489492687850954,-0.1489317208837936,6902.0,breakout,1,"{""adx_thresh"": 33.31904518183225, ""atr_max_pct"": 0.1494959864823635, ""atr_min_pct"": 0.0006264801217596289, ""bb_std_mult"": 0.669037485000877, ""edge_cap"": 0.5613116923754254, ""edge_k"": 1.962538543509424, ""ema1"": 18, ""ema2"": 25, ""p_adx"": 30, ""p_atr"": 24, ""p_sma"": 6, ""p_std"": 24, ""rsi_ob"": 48, ""rsi_os"": 38, ""rsi_period"": 33, ""rsi_required"": true, ""slip_atr_k"": 0.24392828287376778, ""slip_spread_k"": 0.057804009589237426, ""spread_hl_frac"": 0.01425436770198545, ""strategy"": ""breakout"", ""time_stop"": 6, ""tp_mult"": 2.9587465358420806, ""tsl_mult"": 0.9992188983917065, ""use_adx"": true, ""use_atr"": false, ""use_ema"": false, ""use_sma"": false, ""use_spike"": true, ""vol_spike"": 0.2530039480634583}"
13,-0.19763208093741425,-0.19761684432557394,-1000000000.0,0.19761684432557394,-0.19763208093741425,-0.19761684432557394,8828.0,breakout,1,"{""adx_thresh"": 34.949170097048324, ""atr_max_pct"": 0.14543600115386293, ""atr_min_pct"": 0.014075674493832537, ""bb_std_mult"": 1.387552175793901, ""edge_cap"": 0.46666817336922173, ""edge_k"": 1.9771506905567646, ""ema1"": 17, ""ema2"": 22, ""p_adx"": 12, ""p_atr"": 24, ""p_sma"": 6, ""p_std"": 21, ""rsi_ob"": 45, ""rsi_os"": 37, ""rsi_period"": 84, ""rsi_required"": true, ""slip_atr_k"": 0.23032243134264546, ""slip_spread_k"": 0.0043240641129626, ""spread_hl_frac"": 0.019746102128280665, ""strategy"": ""breakout"", ""time_stop"": 9, ""tp_mult"": 2.9177502403362983, ""tsl_mult"": 0.8392066329369847, ""use_adx"": true, ""use_atr"": false, ""use_ema"": false, ""use_sma"": false, ""use_spike"": true, ""vol_spike"": 0.24323208698524673}"
14,-0.0025352977404807797,-0.002832186007422926,-0.0025352977404807797,0.002832186007422926,-0.0025352977404807797,-0.002832186007422926,135.0,breakout,1,"{""adx_thresh"": 30.30628878887876, ""atr_max_pct"": 0.015542087500884413, ""atr_min_pct"": 0.0009933318732706353, ""bb_std_mult"": 1.3007905480515833, ""edge_cap"": 0.060652417173786, ""edge_k"": 1.9577526181776481, ""ema1"": 17, ""ema2"": 22, ""p_adx"": 26, ""p_atr"": 23, ""p_sma"": 16, ""p_std"": 45, ""rsi_ob"": 77, ""rsi_os"": 50, ""rsi_period"": 53, ""rsi_required"": true, ""slip_atr_k"": 0.20579194098466813, ""slip_spread_k"": 0.23706385502403407, ""spread_hl_frac"": 0.03083003561837474, ""strategy"": ""breakout"", ""time_stop"": 114, ""tp_mult"": 2.562603238410529, ""tsl_mult"": 0.35395163550846415, ""use_adx"": true, ""use_atr"": false, ""use_ema"": false, ""use_sma"": false, ""use_spike"": true, ""vol_spike"": 0.2559633061238584}"
15,-0.00019031506858568914,-0.0010630226441697285,-1000000000.0,1000000000.0,-0.00019031506858568914,-0.0010630226441697285,36.0,breakout,1,"{""adx_thresh"": 28.57574916893321, ""atr_max_pct"": 0.017761428246502644, ""atr_min_pct"": 0.0001443481619460337, ""bb_std_mult"": 1.2810290676851177, ""edge_cap"": 0.06860011366013555, ""edge_k"": 1.6905138767157164, ""ema1"": 15, ""ema2"": 17, ""p_adx"": 25, ""p_atr"": 12, ""p_sma"": 16, ""p_std"": 44, ""rsi_ob"": 83, ""rsi_os"": 53, ""rsi_period"": 56, ""rsi_required"": true, ""slip_atr_k"": 0.2039256861716987, ""slip_spread_k"": 0.27364226622869225, ""spread_hl_frac"": 0.049062252935980544, ""strategy"": ""breakout"", ""time_stop"": 194, ""tp_mult"": 2.5543495930867146, ""tsl_mult"": 0.3630122086426285, ""use_adx"": true, ""use_atr"": false, ""use_ema"": false, ""use_sma"": false, ""use_spike"": true, ""vol_spike"": 0.06434343803211519}"
16,0.00045373689081307234,-0.0007927745291371427,-1000000000.0,1000000000.0,0.00045373689081307234,-0.0007927745291371427,49.0,breakout,1,"{""adx_thresh"": 29.931681294767348, ""atr_max_pct"": 0.03688374589052679, ""atr_min_pct"": 0.029304399608083183, ""bb_std_mult"": 1.8007266088283826, ""edge_cap"": 0.22096439158350334, ""edge_k"": 1.6645278907624872, ""ema1"": 21, ""ema2"": 36, ""p_adx"": 18, ""p_atr"": 22, ""p_sma"": 18, ""p_std"": 48, ""rsi_ob"": 78, ""rsi_os"": 45, ""rsi_period"": 67, ""rsi_required"": true, ""slip_atr_k"": 0.19166372840180107, ""slip_spread_k"": 0.2551516991780019, ""spread_hl_frac"": 0.03163621742028186, ""strategy"": ""breakout"", ""time_stop"": 99, ""tp_mult"": 2.5388861896151798, ""tsl_mult"": 0.33953642259356015, ""use_adx"": true, ""use_atr"": false, ""use_ema"": false, ""use_sma"": false, ""use_spike"": true, ""vol_spike"": 0.18435328921760985}"
17,-6.509560536527292e-05,-0.002120168812519096,-6.509560536527292e-05,0.002120168812519096,-6.509560536527292e-05,-0.002120168812519096,140.0,breakout,1,"{""adx_thresh"": 21.338514784138876, ""atr_max_pct"": 0.06850453014709074, ""atr_min_pct"": 0.013188223942573027, ""bb_std_mult"": 1.0513762076404476, ""edge_cap"": 0.056811207950125564, ""edge_k"": 1.2808106491869977, ""ema1"": 30, ""ema2"": 19, ""p_adx"": 26, ""p_atr"": 18, ""p_sma"": 36, ""p_std"": 41, ""rsi_ob"": 81, ""rsi_os"": 47, ""rsi_period"": 46, ""rsi_required"": true, ""slip_atr_k"": 0.10640419169048866, ""slip_spread_k"": 0.25466394164728695, ""spread_hl_frac"": 0.031138312047964006, ""strategy"": ""breakout"", ""time_stop"": 212, ""tp_mult"": 2.580654215222982, ""tsl_mult"": 0.4066316769961024, ""use_adx"": true, ""use_atr"": false, ""use_ema"": false, ""use_sma"": false, ""use_spike"": true, ""vol_spike"": 0.0619833144817144}"
18,0.0,,-1000000000.0,1000000000.0,0.0,,0.0,breakout,1,"{""adx_thresh"": 19.625044378268537, ""atr_max_pct"": 0.06763928451519498, ""atr_min_pct"": 0.014997018613952948, ""bb_std_mult"": 0.9178500571917776, ""edge_cap"": 0.10615039621942438, ""edge_k"": 0.7030358445615987, ""ema1"": 29, ""ema2"": 43, ""p_adx"": 26, ""p_atr"": 18, ""p_sma"": 33, ""p_std"": 38, ""rsi_ob"": 85, ""rsi_os"": 17, ""rsi_period"": 49, ""rsi_required"": true, ""slip_atr_k"": 0.10050881945791575, ""slip_spread_k"": 0.3412714079498476, ""spread_hl_frac"": 0.03053777617511788, ""strategy"": ""breakout"", ""time_stop"": 228, ""tp_mult"": 2.4568669053035874, ""tsl_mult"": 0.36717046412216525, ""use_adx"": true, ""use_atr"": true, ""use_ema"": false, ""use_sma"": false, ""use_spike"": true, ""vol_spike"": 0.057202965938325745}"
19,-0.0070867346263779885,-0.00715676490457225,-0.0070867346263779885,0.00715676490457225,-0.0070867346263779885,-0.00715676490457225,350.0,breakout,1,"{""adx_thresh"": 22.096920348311986, ""atr_max_pct"": 0.07676899592756839, ""atr_min_pct"": 0.025102121908149304, ""bb_std_mult"": 0.9065045988258718, ""edge_cap"": 0.19825402375169468, ""edge_k"": 1.1310897215600086, ""ema1"": 25, ""ema2"": 19, ""p_adx"": 22, ""p_atr"": 11, ""p_sma"": 34, ""p_std"": 60, ""rsi_ob"": 76, ""rsi_os"": 47, ""rsi_period"": 47, ""rsi_required"": true, ""slip_atr_k"": 0.10319074917001082, ""slip_spread_k"": 0.40011194293268826, ""spread_hl_frac"": 0.0467454133025509, ""strategy"": ""breakout"", ""time_stop"": 291, ""tp_mult"": 2.7033868707362236, ""tsl_mult"": 0.4453024708639965, ""use_adx"": true, ""use_atr"": false, ""use_ema"": false, ""use_sma"": false, ""use_spike"": true, ""vol_spike"": 0.07305405215811014}"
20,-9.435577043137577e-05,-0.00037607377051576316,-1000000000.0,1000000000.0,-9.435577043137577e-05,-0.00037607377051576316,11.0,breakout,1,"{""adx_thresh"": 12.466585487325524, ""atr_max_pct"": 0.029748899031509866, ""atr_min_pct"": 0.016462897293799298, ""bb_std_mult"": 1.6222126284565825, ""edge_cap"": 0.053428997718744854, ""edge_k"": 0.587833382255172, ""ema1"": 27, ""ema2"": 31, ""p_adx"": 11, ""p_atr"": 18, ""p_sma"": 45, ""p_std"": 48, ""rsi_ob"": 85, ""rsi_os"": 32, ""rsi_period"": 70, ""rsi_required"": true, ""slip_atr_k"": 0.09210942333464787, ""slip_spread_k"": 0.16141950203737218, ""spread_hl_frac"": 0.0346796088956948, ""strategy"": ""breakout"", ""time_stop"": 201, ""tp_mult"": 1.534166923343059, ""tsl_mult"": 0.23891390500687443, ""use_adx"": true, ""use_atr"": false, ""use_ema"": false, ""use_sma"": false, ""use_spike"": true, ""vol_spike"": 0.040585803320932506}"
21,-0.0073538794238114935,-0.0075322686025914,-0.0073538794238114935,0.0075322686025914,-0.0073538794238114935,-0.0075322686025914,388.0,breakout,1,"{""adx_thresh"": 22.12274525988711, ""atr_max_pct"": 0.07597764714739776, ""atr_min_pct"": 0.011527787862850596, ""bb_std_mult"": 0.8366796873020156, ""edge_cap"": 0.18681124805042018, ""edge_k"": 1.09134458450457, ""ema1"": 30, ""ema2"": 19, ""p_adx"": 23, ""p_atr"": 12, ""p_sma"": 34, ""p_std"": 39, ""rsi_ob"": 75, ""rsi_os"": 47, ""rsi_period"": 49, ""rsi_required"": true, ""slip_atr_k"": 0.12255136893833599, ""slip_spread_k"": 0.45152773031209953, ""spread_hl_frac"": 0.046115421174262976, ""strategy"": ""breakout"", ""time_stop"": 115, ""tp_mult"": 2.694428085115959, ""tsl_mult"": 0.43961268260766134, ""use_adx"": true, ""use_atr"": false, ""use_ema"": false, ""use_sma"": false, ""use_spike"": true, ""vol_spike"": 0.08739370469260978}"
22,-0.002732361070529432,-0.003119913224255584,-0.002732361070529432,0.003119913224255584,-0.002732361070529432,-0.003119913224255584,195.0,breakout,1,"{""adx_thresh"": 22.121798858885622, ""atr_max_pct"": 0.0796966209240581, ""atr_min_pct"": 0.024498444500593033, ""bb_std_mult"": 1.107321101560221, ""edge_cap"": 0.3175736014087322, ""edge_k"": 0.8844627296102556, ""ema1"": 26, ""ema2"": 20, ""p_adx"": 28, ""p_atr"": 11, ""p_sma"": 39, ""p_std"": 57, ""rsi_ob"": 80, ""rsi_os"": 49, ""rsi_period"": 43, ""rsi_required"": true, ""slip_atr_k"": 0.08736045499811348, ""slip_spread_k"": 0.36443430432266805, ""spread_hl_frac"": 0.02823055650389007, ""strategy"": ""breakout"", ""time_stop"": 283, ""tp_mult"": 2.354773510826857, ""tsl_mult"": 0.4630075218429123, ""use_adx"": true, ""use_atr"": false, ""use_ema"": false, ""use_sma"": false, ""use_spike"": true, ""vol_spike"": 0.11720413139266707}"
23,0.0,,-1000000000.0,1000000000.0,0.0,,0.0,breakout,1,"{""adx_thresh"": 18.45499181578792, ""atr_max_pct"": 0.10546954598298575, ""atr_min_pct"": 0.025088658833670112, ""bb_std_mult"": 1.0728822284411512, ""edge_cap"": 0.3479868597219813, ""edge_k"": 1.520183515472369, ""ema1"": 26, ""ema2"": 10, ""p_adx"": 27, ""p_atr"": 15, ""p_sma"": 38, ""p_std"": 52, ""rsi_ob"": 81, ""rsi_os"": 17, ""rsi_period"": 40, ""rsi_required"": true, ""slip_atr_k"": 0.13167649448242474, ""slip_spread_k"": 0.16828583658312937, ""spread_hl_frac"": 0.027787032672946882, ""strategy"": ""breakout"", ""time_stop"": 204, ""tp_mult"": 2.351624014153726, ""tsl_mult"": 0.2416595900559812, ""use_adx"": true, ""use_atr"": true, ""use_ema"": false, ""use_sma"": false, ""use_spike"": true, ""vol_spike"": 0.11799908416854364}"
24,-1.0036292972248617e-05,-0.00042316297311824103,-1000000000.0,1000000000.0,-1.0036292972248617e-05,-0.00042316297311824103,18.0,breakout,1,"{""adx_thresh"": 21.80996321920291, ""atr_max_pct"": 0.011782764192610012, ""atr_min_pct"": 0.011746700081061816, ""bb_std_mult"": 1.1609325299414512, ""edge_cap"": 0.1450578809364304, ""edge_k"": 1.7995827096732964, ""ema1"": 30, ""ema2"": 56, ""p_adx"": 28, ""p_atr"": 10, ""p_sma"": 53, ""p_std"": 42, ""rsi_ob"": 87, ""rsi_os"": 55, ""rsi_period"": 61, ""rsi_required"": true, ""slip_atr_k"": 0.08028537131657722, ""slip_spread_k"": 0.28727296400369723, ""spread_hl_frac"": 0.036589539575349744, ""strategy"": ""breakout"", ""time_stop"": 243, ""tp_mult"": 2.708351351144721, ""tsl_mult"": 0.4807861390841834, ""use_adx"": true, ""use_atr"": false, ""use_ema"": false, ""use_sma"": false, ""use_spike"": true, ""vol_spike"": 0.0363273340066683}"
25,-0.0011485357009776154,-0.001396205678462002,-1000000000.0,1000000000.0,-0.0011485357009776154,-0.001396205678462002,47.0,breakout,1,"{""adx_thresh"": 17.01545078739759, ""atr_max_pct"": 0.0661282323887827, ""atr_min_pct"": 0.01838951150342087, ""bb_std_mult"": 1.52778933800553, ""edge_cap"": 0.2538771640511389, ""edge_k"": 0.827524890308655, ""ema1"": 21, ""ema2"": 16, ""p_adx"": 24, ""p_atr"": 7, ""p_sma"": 29, ""p_std"": 35, ""rsi_ob"": 90, ""rsi_os"": 43, ""rsi_period"": 36, ""rsi_required"": true, ""slip_atr_k"": 0.019410032759425044, ""slip_spread_k"": 0.8413827543454426, ""spread_hl_frac"": 0.019285820353715507, ""strategy"": ""breakout"", ""time_stop"": 174, ""tp_mult"": 2.2514825762000545, ""tsl_mult"": 0.31110364507215543, ""use_adx"": true, ""use_atr"": false, ""use_ema"": false, ""use_sma"": false, ""use_spike"": true, ""vol_spike"": 0.14379145580382408}"
26,,,-1000000000.0,1000000000.0,,,,mean_reversion,1,"{""adx_thresh"": 13.783201012153993, ""atr_max_pct"": 0.12865592438077866, ""atr_min_pct"": 0.02218489581730302, ""bb_std_mult"": 1.9726000647999378, ""edge_cap"": 0.3733204431435758, ""edge_k"": 0.41460254317882406, ""ema1"": 22, ""ema2"": 44, ""p_adx"": 19, ""p_atr"": 26, ""p_sma"": 45, ""p_std"": 16, ""rsi_ob"": 95, ""rsi_os"": 50, ""rsi_period"": 53, ""rsi_required"": false, ""slip_atr_k"": 0.14385796488630428, ""slip_spread_k"": 0.22168038136729287, ""spread_hl_frac"": 0.02899601650396993, ""strategy"": ""mean_reversion"", ""time_stop"": 221, ""tp_mult"": 2.059646628161425, ""tsl_mult"": 0.037224719372553505, ""use_adx"": false, ""use_atr"": true, ""use_ema"": false, ""use_sma"": true, ""use_spike"": false, ""vol_spike"": 0.03875367231745756}"
27,-0.004505230873108834,-0.004506146215383182,-0.004505230873108834,0.004506146215383182,-0.004505230873108834,-0.004506146215383182,523.0,breakout,1,"{""adx_thresh"": 27.1151884864737, ""atr_max_pct"": 0.044424315247981135, ""atr_min_pct"": 0.0032914811306733096, ""bb_std_mult"": 2.2939485085273272, ""edge_cap"": 0.0539171169982832, ""edge_k"": 1.2524445810797915, ""ema1"": 28, ""ema2"": 22, ""p_adx"": 28, ""p_atr"": 20, ""p_sma"": 23, ""p_std"": 48, ""rsi_ob"": 67, ""rsi_os"": 15, ""rsi_period"": 45, ""rsi_required"": true, ""slip_atr_k"": 0.07610702348855096, ""slip_spread_k"": 0.36397833190506795, ""spread_hl_frac"": 0.00673117486913731, ""strategy"": ""breakout"", ""time_stop"": 257, ""tp_mult"": 2.4786501162919934, ""tsl_mult"": 0.7941923509222739, ""use_adx"": true, ""use_atr"": false, ""use_ema"": false, ""use_sma"": false, ""use_spike"": true, ""vol_spike"": 0.08929633714542484}"
28,-0.06381458746717839,-0.06378763489658267,-1000000000.0,0.06378763489658267,-0.06381458746717839,-0.06378763489658267,2743.0,breakout,1,"{""adx_thresh"": 20.769587418439848, ""atr_max_pct"": 0.08436976546559058, ""atr_min_pct"": 0.01173895812146658, ""bb_std_mult"": 3.0344444614559825, ""edge_cap"": 0.15303358107027876, ""edge_k"": 0.9381588073840469, ""ema1"": 30, ""ema2"": 31, ""p_adx"": 20, ""p_atr"": 13, ""p_sma"": 37, ""p_std"": 28, ""rsi_ob"": 80, ""rsi_os"": 32, ""rsi_period"": 8, ""rsi_required"": true, ""slip_atr_k"": 0.10926026162627814, ""slip_spread_k"": 0.48161420562440443, ""spread_hl_frac"": 0.026697283710203346, ""strategy"": ""breakout"", ""time_stop"": 133, ""tp_mult"": 1.8527821080606335, ""tsl_mult"": 0.5622314600754424, ""use_adx"": true, ""use_atr"": false, ""use_ema"": false, ""use_sma"": false, ""use_spike"": true, ""vol_spike"": 0.0010438559313566964}"
29,0.0,,-1000000000.0,1000000000.0,0.0,,0.0,mean_reversion,1,"{""adx_thresh"": 18.38964174863595, ""atr_max_pct"": 0.09715609940018569, ""atr_min_pct"": 0.008695979552362149, ""bb_std_mult"": 0.665261019364593, ""edge_cap"": 0.3214959728851726, ""edge_k"": 1.4654552905757574, ""ema1"": 27, ""ema2"": 24, ""p_adx"": 23, ""p_atr"": 16, ""p_sma"": 42, ""p_std"": 56, ""rsi_ob"": 73, ""rsi_os"": 5, ""rsi_period"": 62, ""rsi_required"": true, ""slip_atr_k"": 0.18485200752124598, ""slip_spread_k"": 0.3313804546072022, ""spread_hl_frac"": 0.042190423384779435, ""strategy"": ""mean_reversion"", ""time_stop"": 298, ""tp_mult"": 2.74479930263131, ""tsl_mult"": 0.20114821102543926, ""use_adx"": false, ""use_atr"": true, ""use_ema"": true, ""use_sma"": true, ""use_spike"": false, ""vol_spike"": 0.11255663215890402}"
30,0.0,,-1000000000.0,1000000000.0,0.0,,0.0,mean_reversion,1,"{""adx_thresh"": 5.9318483829512, ""atr_max_pct"": 0.06423244365687329, ""atr_min_pct"": 0.016924743149016052, ""bb_std_mult"": 1.1458242773039313, ""edge_cap"": 0.25572806049952945, ""edge_k"": 1.817454363576298, ""ema1"": 23, ""ema2"": 14, ""p_adx"": 16, ""p_atr"": 17, ""p_sma"": 30, ""p_std"": 40, ""rsi_ob"": 87, ""rsi_os"": 41, ""rsi_period"": 66, ""rsi_required"": false, ""slip_atr_k"": 0.07340801983765496, ""slip_spread_k"": 0.11384059559321494, ""spread_hl_frac"": 0.022195405473231213, ""strategy"": ""mean_reversion"", ""time_stop"": 44, ""tp_mult"": 2.3767076891263845, ""tsl_mult"": 0.39809050721898126, ""use_adx"": false, ""use_atr"": true, ""use_ema"": true, ""use_sma"": true, ""use_spike"": false, ""vol_spike"": 0.023510036580187514}"
31,-0.019348460659269207,-0.019330964880000384,-0.019348460659269207,0.019330964880000384,-0.019348460659269207,-0.019330964880000384,1170.0,breakout,1,"{""adx_thresh"": 26.11602502937579, ""atr_max_pct"": 0.04661162440857454, ""atr_min_pct"": 0.003626413079131606, ""bb_std_mult"": 1.458027672920019, ""edge_cap"": 0.0668863641988292, ""edge_k"": 1.2807554344265277, ""ema1"": 28, ""ema2"": 21, ""p_adx"": 28, ""p_atr"": 21, ""p_sma"": 41, ""p_std"": 47, ""rsi_ob"": 70, ""rsi_os"": 19, ""rsi_period"": 44, ""rsi_required"": true, ""slip_atr_k"": 0.07848599128179812, ""slip_spread_k"": 0.38061977619778486, ""spread_hl_frac"": 0.035074497379967255, ""strategy"": ""breakout"", ""time_stop"": 179, ""tp_mult"": 2.540373511194563, ""tsl_mult"": 0.7965527370999367, ""use_adx"": true, ""use_atr"": false, ""use_ema"": false, ""use_sma"": false, ""use_spike"": true, ""vol_spike"": 0.08452350127755476}"
32,-0.00011577069025692222,-0.0009855171461829128,-0.00011577069025692222,0.0009855171461829128,-0.00011577069025692222,-0.0009855171461829128,108.0,breakout,1,"{""adx_thresh"": 23.102324494439834, ""atr_max_pct"": 0.08456547030292981, ""atr_min_pct"": 0.013428893638582122, ""bb_std_mult"": 2.212594628828417, ""edge_cap"": 0.050387797175257334, ""edge_k"": 0.02703285461769811, ""ema1"": 28, ""ema2"": 48, ""p_adx"": 28, ""p_atr"": 30, ""p_sma"": 22, ""p_std"": 35, ""rsi_ob"": 81, ""rsi_os"": 51, ""rsi_period"": 42, ""rsi_required"": true, ""slip_atr_k"": 0.1125446865974911, ""slip_spread_k"": 0.2214845926330757, ""spread_hl_frac"": 0.04031901645476135, ""strategy"": ""breakout"", ""time_stop"": 261, ""tp_mult"": 2.6008435615176753, ""tsl_mult"": 0.5100848646326113, ""use_adx"": true, ""use_atr"": false, ""use_ema"": false, ""use_sma"": false, ""use_spike"": true, ""vol_spike"": 0.061512746134194676}"
33,-0.0026033526288239406,-0.0027545379649361636,-0.0026033526288239406,0.0027545379649361636,-0.0026033526288239406,-0.0027545379649361636,404.0,breakout,1,"{""adx_thresh"": 31.188932363999434, ""atr_max_pct"": 0.0867435317675765, ""atr_min_pct"": 0.01412477777164002, ""bb_std_mult"": 2.40224865145139, ""edge_cap"": 0.6702735137796193, ""edge_k"": 0.009909525943274069, ""ema1"": 26, ""ema2"": 48, ""p_adx"": 26, ""p_atr"": 30, ""p_sma"": 13, ""p_std"": 35, ""rsi_ob"": 79, ""rsi_os"": 50, ""rsi_period"": 25, ""rsi_required"": true, ""slip_atr_k"": 0.14334128272191132, ""slip_spread_k"": 0.21328558784329946, ""spread_hl_frac"": 0.04359318942480794, ""strategy"": ""breakout"", ""time_stop"": 276, ""tp_mult"": 2.7956293642696615, ""tsl_mult"": 0.6204613302751697, ""use_adx"": false, ""use_atr"": false, ""use_ema"": true, ""use_sma"": true, ""use_spike"": false, ""vol_spike"": 0.0531305870069355}"
34,,,-1000000000.0,1000000000.0,,,,mean_reversion,1,"{""adx_thresh"": 31.588175280857556, ""atr_max_pct"": 0.10476421147871003, ""atr_min_pct"": 0.014316599816402169, ""bb_std_mult"": 2.4176095342373016, ""edge_cap"": 0.7202277853316611, ""edge_k"": 0.011336383839653092, ""ema1"": 26, ""ema2"": 50, ""p_adx"": 26, ""p_atr"": 30, ""p_sma"": 20, ""p_std"": 33, ""rsi_ob"": 64, ""rsi_os"": 55, ""rsi_period"": 23, ""rsi_required"": false, ""slip_atr_k"": 0.14996589205311323, ""slip_spread_k"": 0.6213399513485778, ""spread_hl_frac"": 0.04178577281187392, ""strategy"": ""mean_reversion"", ""time_stop"": 266, ""tp_mult"": 1.4740615645799102, ""tsl_mult"": 0.618745401224037, ""use_adx"": false, ""use_atr"": false, ""use_ema"": true, ""use_sma"": true, ""use_spike"": false, ""vol_spike"": 0.050140004621381865}"
35,0.00019295789920303896,-0.0001814216772301968,-1000000000.0,1000000000.0,0.00019295789920303896,-0.0001814216772301968,24.0,breakout,1,"{""adx_thresh"": 30.443524744700092, ""atr_max_pct"": 0.08885296477742374, ""atr_min_pct"": 0.012877323648303289, ""bb_std_mult"": 2.8902727544335627, ""edge_cap"": 0.11445601656350944, ""edge_k"": 0.157143019024642, ""ema1"": 23, ""ema2"": 49, ""p_adx"": 29, ""p_atr"": 26, ""p_sma"": 12, ""p_std"": 32, ""rsi_ob"": 90, ""rsi_os"": 50, ""rsi_period"": 24, ""rsi_required"": true, ""slip_atr_k"": 0.11306667346393594, ""slip_spread_k"": 0.8614797513094985, ""spread_hl_frac"": 0.044267751032543594, ""strategy"": ""breakout"", ""time_stop"": 273, ""tp_mult"": 1.7762727640731044, ""tsl_mult"": 0.7096463595944824, ""use_adx"": true, ""use_atr"": false, ""use_ema"": true, ""use_sma"": true, ""use_spike"": false, ""vol_spike"": 0.07154257189546534}"
36,6.746822972192312e-05,-0.0007023945255048731,-1000000000.0,1000000000.0,6.746822972192312e-05,-0.0007023945255048731,15.0,breakout,1,"{""adx_thresh"": 23.837180933025103, ""atr_max_pct"": 0.09036930062396926, ""atr_min_pct"": 0.008066897026656967, ""bb_std_mult"": 1.8787866403955331, ""edge_cap"": 0.17451970355099955, ""edge_k"": 0.2435805119916773, ""ema1"": 13, ""ema2"": 39, ""p_adx"": 26, ""p_atr"": 30, ""p_sma"": 12, ""p_std"": 25, ""rsi_ob"": 77, ""rsi_os"": 52, ""rsi_period"": 34, ""rsi_required"": false, ""slip_atr_k"": 0.17121814528275373, ""slip_spread_k"": 0.21290166530450969, ""spread_hl_frac"": 0.038376915203102775, ""strategy"": ""breakout"", ""time_stop"": 249, ""tp_mult"": 2.8393822811803417, ""tsl_mult"": 0.5148991097490667, ""use_adx"": false, ""use_atr"": true, ""use_ema"": true, ""use_sma"": false, ""use_spike"": false, ""vol_spike"": 0.022709896507353576}"
37,-0.4396021769327697,-0.4395960468535248,-1000000000.0,0.4395960468535248,-0.4396021769327697,-0.4395960468535248,18393.0,mean_reversion,1,"{""adx_thresh"": 27.85567870968105, ""atr_max_pct"": 0.12032174613425163, ""atr_min_pct"": 0.017029563656739865, ""bb_std_mult"": 2.180994481869865, ""edge_cap"": 0.839422635182842, ""edge_k"": 0.5985145361996623, ""ema1"": 24, ""ema2"": 60, ""p_adx"": 10, ""p_atr"": 27, ""p_sma"": 23, ""p_std"": 17, ""rsi_ob"": 55, ""rsi_os"": 46, ""rsi_period"": 53, ""rsi_required"": false, ""slip_atr_k"": 0.13975128047365415, ""slip_spread_k"": 0.10047475501804355, ""spread_hl_frac"": 0.03927101010401772, ""strategy"": ""mean_reversion"", ""time_stop"": 223, ""tp_mult"": 1.6447375104237891, ""tsl_mult"": 0.5981105590627392, ""use_adx"": false, ""use_atr"": false, ""use_ema"": false, ""use_sma"": true, ""use_spike"": true, ""vol_spike"": 0.13881807462888615}"
38,0.0008040928299408723,-0.0004604921114962494,-1000000000.0,1000000000.0,0.0008040928299408723,-0.0004604921114962494,57.0,breakout,1,"{""adx_thresh"": 7.568046730451627, ""atr_max_pct"": 0.058023872870352586, ""atr_min_pct"": 0.020143940485285155, ""bb_std_mult"": 2.5033793906555273, ""edge_cap"": 0.6620013976808891, ""edge_k"": 0.3515278332990337, ""ema1"": 20, ""ema2"": 54, ""p_adx"": 15, ""p_atr"": 28, ""p_sma"": 20, ""p_std"": 35, ""rsi_ob"": 74, ""rsi_os"": 44, ""rsi_period"": 78, ""rsi_required"": true, ""slip_atr_k"": 0.020005878715772307, ""slip_spread_k"": 0.513555751624006, ""spread_hl_frac"": 0.049801260401868976, ""strategy"": ""breakout"", ""time_stop"": 276, ""tp_mult"": 2.807119168807343, ""tsl_mult"": 0.6663904066456666, ""use_adx"": true, ""use_atr"": false, ""use_ema"": true, ""use_sma"": false, ""use_spike"": true, ""vol_spike"": 0.16621507034140062}"
39,0.0,,-1000000000.0,1000000000.0,0.0,,0.0,mean_reversion,1,"{""adx_thresh"": 11.710941520366799, ""atr_max_pct"": 0.07095888417195297, ""atr_min_pct"": 0.01017940628767585, ""bb_std_mult"": 2.812897782200493, ""edge_cap"": 0.1107965243188122, ""edge_k"": 0.5194748168819919, ""ema1"": 10, ""ema2"": 46, ""p_adx"": 24, ""p_atr"": 26, ""p_sma"": 13, ""p_std"": 12, ""rsi_ob"": 83, ""rsi_os"": 49, ""rsi_period"": 25, ""rsi_required"": false, ""slip_atr_k"": 0.16117042965067363, ""slip_spread_k"": 0.22891205972930545, ""spread_hl_frac"": 0.04350544970349032, ""strategy"": ""mean_reversion"", ""time_stop"": 214, ""tp_mult"": 2.604405478492858, ""tsl_mult"": 0.28953419723301344, ""use_adx"": false, ""use_atr"": true, ""use_ema"": false, ""use_sma"": true, ""use_spike"": false, ""vol_spike"": 0.09933927547523022}"
40,-0.0006624564756692042,-0.0008090087442237198,-1000000000.0,1000000000.0,-0.0006624564756692042,-0.0008090087442237198,47.0,breakout,1,"{""adx_thresh"": 16.226817370156727, ""atr_max_pct"": 0.1304206843354184, ""atr_min_pct"": 0.006693169466210095, ""bb_std_mult"": 2.137662282159359, ""edge_cap"": 0.9997274726023739, ""edge_k"": 0.7419022858008916, ""ema1"": 6, ""ema2"": 39, ""p_adx"": 13, ""p_atr"": 29, ""p_sma"": 26, ""p_std"": 26, ""rsi_ob"": 88, ""rsi_os"": 53, ""rsi_period"": 39, ""rsi_required"": true, ""slip_atr_k"": 0.11868937929410124, ""slip_spread_k"": 0.3080215774636471, ""spread_hl_frac"": 0.03966121000239143, ""strategy"": ""breakout"", ""time_stop"": 246, ""tp_mult"": 1.9565112919753793, ""tsl_mult"": 0.5192276547700139, ""use_adx"": true, ""use_atr"": false, ""use_ema"": true, ""use_sma"": false, ""use_spike"": true, ""vol_spike"": 0.0029656456120434604}"
41,-0.01275219640431291,-0.01269732856091766,-0.01275219640431291,0.01269732856091766,-0.01275219640431291,-0.01269732856091766,652.0,breakout,1,"{""adx_thresh"": 23.842309700908274, ""atr_max_pct"": 0.08157752573991134, ""atr_min_pct"": 0.013266399938896865, ""bb_std_mult"": 2.367009581696362, ""edge_cap"": 0.11136090511649605, ""edge_k"": 0.10665802553310122, ""ema1"": 26, ""ema2"": 56, ""p_adx"": 29, ""p_atr"": 23, ""p_sma"": 15, ""p_std"": 37, ""rsi_ob"": 82, ""rsi_os"": 49, ""rsi_period"": 15, ""rsi_required"": true, ""slip_atr_k"": 0.09054512937542526, ""slip_spread_k"": 0.8747751248058626, ""spread_hl_frac"": 0.032572259776296554, ""strategy"": ""breakout"", ""time_stop"": 286, ""tp_mult"": 1.3365516404083917, ""tsl_mult"": 0.45164532233644267, ""use_adx"": true, ""use_atr"": false, ""use_ema"": false, ""use_sma"": false, ""use_spike"": true, ""vol_spike"": 0.05217079544255017}"
42,-0.012874960311349604,-0.012896285811498563,-0.012874960311349604,0.012896285811498563,-0.012874960311349604,-0.012896285811498563,1019.0,mean_reversion,1,"{""adx_thresh"": 14.209075981388398, ""atr_max_pct"": 0.10106253127821994, ""atr_min_pct"": 0.015781451394050825, ""bb_std_mult"": 3.1155308701860416, ""edge_cap"": 0.7862130454937413, ""edge_k"": 0.2658842079587179, ""ema1"": 29, ""ema2"": 39, ""p_adx"": 27, ""p_atr"": 29, ""p_sma"": 30, ""p_std"": 33, ""rsi_ob"": 80, ""rsi_os"": 40, ""rsi_period"": 73, ""rsi_required"": true, ""slip_atr_k"": 0.13627966396614494, ""slip_spread_k"": 0.42280964153838446, ""spread_hl_frac"": 0.03487314544393403, ""strategy"": ""mean_reversion"", ""time_stop"": 158, ""tp_mult"": 2.2108837304811586, ""tsl_mult"": 0.6184451667038624, ""use_adx"": true, ""use_atr"": false, ""use_ema"": false, ""use_sma"": false, ""use_spike"": true, ""vol_spike"": 0.20572310177843345}"
43,-0.00034873366853971355,-0.00014921638935458577,-1000000000.0,1000000000.0,-0.00034873366853971355,-0.00014921638935458577,3.0,breakout,1,"{""adx_thresh"": 20.15659973178797, ""atr_max_pct"": 0.11063724282379883, ""atr_min_pct"": 0.010421249495098973, ""bb_std_mult"": 1.693838795315198, ""edge_cap"": 0.4656506348194196, ""edge_k"": 0.3140370448785495, ""ema1"": 25, ""ema2"": 53, ""p_adx"": 29, ""p_atr"": 27, ""p_sma"": 51, ""p_std"": 44, ""rsi_ob"": 78, ""rsi_os"": 22, ""rsi_period"": 15, ""rsi_required"": false, ""slip_atr_k"": 0.2185991948073882, ""slip_spread_k"": 0.802148066445455, ""spread_hl_frac"": 0.04672130147704979, ""strategy"": ""breakout"", ""time_stop"": 262, ""tp_mult"": 2.615288913437984, ""tsl_mult"": 0.908704615327517, ""use_adx"": true, ""use_atr"": true, ""use_ema"": false, ""use_sma"": false, ""use_spike"": false, ""vol_spike"": 0.10417912443902155}"
44,-0.08601216084499375,-0.08585916936727,-1000000000.0,0.08585916936727,-0.08601216084499375,-0.08585916936727,2453.0,breakout,1,"{""adx_thresh"": 25.77773068838464, ""atr_max_pct"": 0.08630168424176651, ""atr_min_pct"": 0.01895701744753074, ""bb_std_mult"": 2.647916574491929, ""edge_cap"": 0.22466741397520018, ""edge_k"": 0.4588004543813786, ""ema1"": 14, ""ema2"": 47, ""p_adx"": 21, ""p_atr"": 20, ""p_sma"": 25, ""p_std"": 29, ""rsi_ob"": 63, ""rsi_os"": 13, ""rsi_period"": 40, ""rsi_required"": true, ""slip_atr_k"": 0.06365469345667615, ""slip_spread_k"": 0.1909271669918627, ""spread_hl_frac"": 0.007011880505196574, ""strategy"": ""breakout"", ""time_stop"": 39, ""tp_mult"": 2.415242972028001, ""tsl_mult"": 0.11502935818028326, ""use_adx"": false, ""use_atr"": false, ""use_ema"": true, ""use_sma"": true, ""use_spike"": true, ""vol_spike"": 0.12937559737285292}"
45,,,-1000000000.0,1000000000.0,,,,mean_reversion,1,"{""adx_thresh"": 9.011152466250172, ""atr_max_pct"": 0.09343119862564464, ""atr_min_pct"": 0.012774345567025228, ""bb_std_mult"": 2.1264852861981542, ""edge_cap"": 0.10197828356773209, ""edge_k"": 0.8245107001665757, ""ema1"": 27, ""ema2"": 33, ""p_adx"": 25, ""p_atr"": 25, ""p_sma"": 20, ""p_std"": 31, ""rsi_ob"": 72, ""rsi_os"": 51, ""rsi_period"": 57, ""rsi_required"": false, ""slip_atr_k"": 0.04796900334878931, ""slip_spread_k"": 0.92548448119364, ""spread_hl_frac"": 0.03715135586526226, ""strategy"": ""mean_reversion"", ""time_stop"": 284, ""tp_mult"": 2.1603137629646114, ""tsl_mult"": 0.4114848228379905, ""use_adx"": true, ""use_atr"": false, ""use_ema"": false, ""use_sma"": false, ""use_spike"": true, ""vol_spike"": 0.2760542223492775}"
46,0.0,,-1000000000.0,1000000000.0,0.0,,0.0,breakout,1,"{""adx_thresh"": 23.21899798035864, ""atr_max_pct"": 0.05792176627052364, ""atr_min_pct"": 0.02451902372679555, ""bb_std_mult"": 3.4909113124201374, ""edge_cap"": 0.14108596280812252, ""edge_k"": 0.11450117951956708, ""ema1"": 7, ""ema2"": 41, ""p_adx"": 27, ""p_atr"": 22, ""p_sma"": 9, ""p_std"": 6, ""rsi_ob"": 67, ""rsi_os"": 29, ""rsi_period"": 52, ""rsi_required"": true, ""slip_atr_k"": 0.09402119773531575, ""slip_spread_k"": 0.10904709182751599, ""spread_hl_frac"": 0.040742049165222234, ""strategy"": ""breakout"", ""time_stop"": 300, ""tp_mult"": 2.3086829030849354, ""tsl_mult"": 0.5597072906780702, ""use_adx"": true, ""use_atr"": true, ""use_ema"": false, ""use_sma"": false, ""use_spike"": false, ""vol_spike"": 0.07051697580900762}"
47,-0.12440701232897755,-0.12437772587269981,-1000000000.0,0.12437772587269981,-0.12440701232897755,-0.12437772587269981,4552.0,breakout,1,"{""adx_thresh"": 29.094907074724983, ""atr_max_pct"": 0.07497814318892118, ""atr_min_pct"": 0.007862947152059353, ""bb_std_mult"": 2.0222312482096143, ""edge_cap"": 0.6803742923656488, ""edge_k"": 1.0471362946949159, ""ema1"": 16, ""ema2"": 58, ""p_adx"": 9, ""p_atr"": 30, ""p_sma"": 17, ""p_std"": 41, ""rsi_ob"": 61, ""rsi_os"": 48, ""rsi_period"": 32, ""rsi_required"": true, ""slip_atr_k"": 0.12774813424094064, ""slip_spread_k"": 0.5841216922061636, ""spread_hl_frac"": 0.024719141309686454, ""strategy"": ""breakout"", ""time_stop"": 237, ""tp_mult"": 1.0355091703669772, ""tsl_mult"": 0.49295143902729033, ""use_adx"": false, ""use_atr"": false, ""use_ema"": false, ""use_sma"": true, ""use_spike"": true, ""vol_spike"": 0.03188828692163011}"
48,-0.018658658330201305,-0.018692016337014974,-0.018658658330201305,0.018692016337014974,-0.018658658330201305,-0.018692016337014974,657.0,mean_reversion,1,"{""adx_thresh"": 31.716119313848196, ""atr_max_pct"": 0.13492098791775772, ""atr_min_pct"": 0.022227427774777812, ""bb_std_mult"": 2.711536932949461, ""edge_cap"": 0.60085863236514, ""edge_k"": 0.6283446501993651, ""ema1"": 29, ""ema2"": 47, ""p_adx"": 17, ""p_atr"": 28, ""p_sma"": 57, ""p_std"": 16, ""rsi_ob"": 53, ""rsi_os"": 35, ""rsi_period"": 84, ""rsi_required"": false, ""slip_atr_k"": 0.15781028752822082, ""slip_spread_k"": 0.05276128381306738, ""spread_hl_frac"": 0.0175788203118882, ""strategy"": ""mean_reversion"", ""time_stop"": 91, ""tp_mult"": 2.6129579364624256, ""tsl_mult"": 0.7202094754908279, ""use_adx"": true, ""use_atr"": false, ""use_ema"": true, ""use_sma"": false, ""use_spike"": true, ""vol_spike"": 0.2575480331477874}"
49,0.02381160107501845,-0.05068664664984497,0.02381160107501845,0.05068664664984497,0.02381160107501845,-0.05068664664984497,108.0,breakout,1,"{""adx_thresh"": 17.48441069468445, ""atr_max_pct"": 0.08150728875221684, ""atr_min_pct"": 0.015155872094297671, ""bb_std_mult"": 1.805687327242944, ""edge_cap"": 0.28851202153159766, ""edge_k"": 0.911873874549827, ""ema1"": 9, ""ema2"": 37, ""p_adx"": 30, ""p_atr"": 25, ""p_sma"": 36, ""p_std"": 23, ""rsi_ob"": 85, ""rsi_os"": 55, ""rsi_period"": 43, ""rsi_required"": true, ""slip_atr_k"": 0.005359777186958126, ""slip_spread_k"": 0.7680876644002383, ""spread_hl_frac"": 0.030332382355180376, ""strategy"": ""breakout"", ""time_stop"": 37, ""tp_mult"": 1.1695570489877396, ""tsl_mult"": 0.00912282143360299, ""use_adx"": true, ""use_atr"": false, ""use_ema"": false, ""use_sma"": false, ""use_spike"": true, ""vol_spike"": 0.08063492531175391}"
